{"cameraMode":{"drawMode":0,"name":"Shaded","section":"Shading Mode"},"sceneLighting":true,"audioPlay":false,"sceneViewState":{"showFog":true,"showMaterialUpdate":false,"showSkybox":true,"showFlares":true,"showImageEffects":true,"showParticleSystems":true},"in2DMode":false,"pivot":{"x":10.672060012817383,"y":-45.349830627441409,"z":24.276710510253908},"rotation":{"x":-0.5126181840896606,"y":-0.07144169509410858,"z":0.04285404831171036,"w":-0.8545655012130737},"size":68.77566528320313,"orthographic":false}